id,dispositivo_id,momento_evento,momento_recepcion,latitud,longitud,velocidad_kmh,rumbo_grados,odometro_km,odometro_origen,combustible_pct,ignicion,tension_bateria_v,satelites,estado_interpretacion,campos_faltantes,datos_can,payload_crudo,frame_hash,msg_num,reporte_id,vin,rpm,combustible_consumido_l,temperatura_refrigerante_c,presion_aceite_kpa
1835,860693084873877,2026-09-28 20:54:43.784+00,2026-09-28 20:54:43.79294+00,-34.760650,-58.356660,0.0,224,0,GPS,40.00,f,14.2,9,PARCIAL,"{momentoEvento,combustibleConsumidoL,presionAceiteKpa}","{""3"": ""0""}",">REQ00000000000000-3476065-058356660002247F0014200000000130109FFFF1125;1=LGWEEUA55TL612021,2=0,3=0,B=,14=,15=40,2A=19,2C=;#0000;ID=860693084873877;*0B<",bcb615bdb5186d5f7d44e021c231a145d84a6bcaabf5ae8a249c17b35a30f5ca,0000,00,LGWEEUA55TL612021,0,,19,
1836,860693084873877,2026-09-28 20:55:45.079+00,2026-09-28 20:55:45.086078+00,-34.760650,-58.356660,0.0,224,0,GPS,,f,14.2,9,PARCIAL,"{momentoEvento,combustiblePct,rpm,combustibleConsumidoL,temperaturaRefrigeranteC,presionAceiteKpa}","{""3"": """"}",">REQ00000000000000-3476065-058356660002247F0014200000000130109FFFF1124;1=LGWEEUA55TL612021,2=,3=,B=,14=,15=,2A=,2C=;#0002;ID=860693084873877;*04<",6374d637f53c17e34163d639c095bb800e701cc0af9bc6629ddaccd133605a13,0002,00,LGWEEUA55TL612021,,,,
1837,860693084873877,2026-09-28 20:56:08.279+00,2026-09-28 20:56:08.285612+00,-34.760650,-58.356660,0.0,224,0,GPS,,f,14.2,9,PARCIAL,"{momentoEvento,combustiblePct,rpm,combustibleConsumidoL,temperaturaRefrigeranteC,presionAceiteKpa}","{""3"": """"}",">REQ00000000000000-3476065-058356660002247F0014200000000130109FFFF1124;1=LGWEEUA55TL612021,2=,3=,B=,14=,15=,2A=,2C=;#0003;ID=860693084873877;*05<",61646a4b231346750287122b8ce54ca45c527676f84ed0ee5d67fe55d8047a1b,0003,00,LGWEEUA55TL612021,,,,
1838,860693084873877,2026-09-28 20:56:43+00,2026-09-28 20:56:45.349082+00,-34.760650,-58.356660,0.0,224,0,GPS,,f,14.2,9,PARCIAL,"{combustiblePct,rpm,combustibleConsumidoL,temperaturaRefrigeranteC,presionAceiteKpa}","{""3"": """"}",">REQ00280926205643-3476065-058356660002247F0014200000000130109FFFF1131;1=LGWEEUA55TL612021,2=,3=,B=,14=,15=,2A=,2C=;#0004;ID=860693084873877;*07<",74ed95f84edb7b7e5d20f2033448ee574a09cb429b7e0967a4ef157936b9f5ba,0004,00,LGWEEUA55TL612021,,,,
1839,860693084873877,2026-09-28 20:57:43+00,2026-09-28 20:57:46.844291+00,-34.760650,-58.356660,0.0,224,0,GPS,,f,14.2,9,PARCIAL,"{combustiblePct,rpm,combustibleConsumidoL,temperaturaRefrigeranteC,presionAceiteKpa}","{""3"": """"}",">REQ00280926205743-3476065-058356660002247F0014200000000130109FFFF1120;1=LGWEEUA55TL612021,2=,3=,B=,14=,15=,2A=,2C=;#0006;ID=860693084873877;*04<",8d7977b7df225a8a359a1199350de43d41ed08d5615b203b731f2eb60eb3cd7e,0006,00,LGWEEUA55TL612021,,,,
1840,860693084873877,2026-09-28 20:58:43+00,2026-09-28 20:58:43.920715+00,-34.760650,-58.356660,0.0,224,0,GPS,,f,14.2,9,PARCIAL,"{combustiblePct,rpm,combustibleConsumidoL,temperaturaRefrigeranteC,presionAceiteKpa}","{""3"": """"}",">REQ00280926205843-3476065-058356660002247F0014200000000130109FFFF1126;1=LGWEEUA55TL612021,2=,3=,B=,14=,15=,2A=,2C=;#0007;ID=860693084873877;*0C<",f83e6998ed8ced6c25954f8906136a0b629c7637848c5f7d159c01b6b84e2391,0007,00,LGWEEUA55TL612021,,,,
1841,860693084873877,2026-09-28 20:59:43+00,2026-09-28 20:59:44.049959+00,-34.754720,-58.347700,28.0,60,0,GPS,,f,14.2,5,PARCIAL,"{combustiblePct,rpm,combustibleConsumidoL,temperaturaRefrigeranteC,presionAceiteKpa}","{""3"": """"}",">REQ00280926205943-3475472-058347700280607F001420000000013010500001127;1=LGWEEUA55TL612021,2=,3=,B=,14=,15=,2A=,2C=;#0009;ID=860693084873877;*00<",a3edc33b7aeaf9dbeea7ac0c3c9b8ad9cc3671349b2bd0dcfe3654294b641208,0009,00,LGWEEUA55TL612021,,,,
1842,860693084873877,2026-09-28 21:00:43+00,2026-09-28 21:00:45.793858+00,-34.753960,-58.346120,6.0,86,0,GPS,,f,14.2,5,PARCIAL,"{combustiblePct,rpm,combustibleConsumidoL,temperaturaRefrigeranteC,presionAceiteKpa}","{""3"": """"}",">REQ00280926210043-3475396-058346120060867F001420000000013010500261123;1=LGWEEUA55TL612021,2=,3=,B=,14=,15=,2A=,2C=;#000A;ID=860693084873877;*79<",e7cee0a7f6c2341e869b0adec4f2abc798166a45d2e8ca985446107f9928fced,000A,00,LGWEEUA55TL612021,,,,
1843,860693084873877,2026-09-28 21:01:43+00,2026-09-28 21:01:45.173132+00,-34.750400,-58.342030,31.0,326,0,GPS,,f,14.2,5,PARCIAL,"{combustiblePct,rpm,combustibleConsumidoL,temperaturaRefrigeranteC,presionAceiteKpa}","{""3"": """"}",">REQ00280926210143-3475040-058342030313267F001420000000013010500001122;1=LGWEEUA55TL612021,2=,3=,B=,14=,15=,2A=,2C=;#000C;ID=860693084873877;*7E<",1730e97e330f2f1c1b4ef822c529fb83ee3112833f1d0c317ac8fc744df32193,000C,00,LGWEEUA55TL612021,,,,
1844,860693084873877,2026-09-28 21:02:43+00,2026-09-28 21:02:44.158081+00,-34.749160,-58.343330,19.0,341,0,GPS,,f,14.2,5,PARCIAL,"{combustiblePct,rpm,combustibleConsumidoL,temperaturaRefrigeranteC,presionAceiteKpa}","{""3"": """"}",">REQ00280926210243-3474916-058343330193417F001420000000013010500181130;1=LGWEEUA55TL612021,2=,3=,B=,14=,15=,2A=,2C=;#000D;ID=860693084873877;*72<",4dc6f3f53e986b4fc41457fb277aa6d09a99011c0fc249c9fa6a0ae9295726bb,000D,00,LGWEEUA55TL612021,,,,
1845,860693084873877,2026-09-28 21:03:43+00,2026-09-28 21:03:43.858643+00,-34.742750,-58.345800,41.0,342,0,GPS,,f,14.2,5,PARCIAL,"{combustiblePct,rpm,combustibleConsumidoL,temperaturaRefrigeranteC,presionAceiteKpa}","{""3"": """"}",">REQ00280926210343-3474275-058345800413427F001420000000013010500021124;1=LGWEEUA55TL612021,2=,3=,B=,14=,15=,2A=,2C=;#000F;ID=860693084873877;*71<",c0aac131c91525920eac545ca863622eafb3753ee70f37f630f7c6696184923e,000F,00,LGWEEUA55TL612021,,,,
1846,860693084873877,2026-09-28 21:04:43+00,2026-09-28 21:04:43.83843+00,-34.739260,-58.346990,26.0,35,0,GPS,,f,14.2,5,PARCIAL,"{combustiblePct,rpm,combustibleConsumidoL,temperaturaRefrigeranteC,presionAceiteKpa}","{""3"": """"}",">REQ00280926210443-3473926-058346990260357F001420000000013010500001116;1=LGWEEUA55TL612021,2=,3=,B=,14=,15=,2A=,2C=;#0010;ID=860693084873877;*01<",dd91a0c39a7945c87032fdcc3e8936fa740bd91828300d683eefa52b7ece37e5,0010,00,LGWEEUA55TL612021,,,,
1847,860693084873877,2026-09-28 21:05:43+00,2026-09-28 21:05:46.712095+00,-34.736920,-58.344400,0.0,23,0,GPS,,f,14.3,5,PARCIAL,"{combustiblePct,rpm,combustibleConsumidoL,temperaturaRefrigeranteC,presionAceiteKpa}","{""3"": """"}",">REQ00280926210543-3473692-058344400000237F001430000000013010500001117;1=LGWEEUA55TL612021,2=,3=,B=,14=,15=,2A=,2C=;#0012;ID=860693084873877;*07<",3cd1c4eafdb323a9e4de8130ed54e186ac0ef1b56d20997b1bad26dd51ed3c32,0012,00,LGWEEUA55TL612021,,,,
1848,860693084873877,2026-09-28 21:06:43+00,2026-09-28 21:06:44.019488+00,-34.735690,-58.342920,37.0,41,0,GPS,,f,14.2,5,PARCIAL,"{combustiblePct,rpm,combustibleConsumidoL,temperaturaRefrigeranteC,presionAceiteKpa}","{""3"": """"}",">REQ00280926210643-3473569-058342920370417F001420000000013010500001118;1=LGWEEUA55TL612021,2=,3=,B=,14=,15=,2A=,2C=;#0013;ID=860693084873877;*05<",665a8a951b54e4af932c5136a2a4620a2590579633c1a2a79600949aafd046a6,0013,00,LGWEEUA55TL612021,,,,
1849,860693084873877,2026-09-28 21:07:43+00,2026-09-28 21:07:46.818203+00,-34.733720,-58.340780,16.0,44,0,GPS,,f,14.3,5,PARCIAL,"{combustiblePct,rpm,combustibleConsumidoL,temperaturaRefrigeranteC,presionAceiteKpa}","{""3"": """"}",">REQ00280926210743-3473372-058340780160447F001430000000013010500031121;1=LGWEEUA55TL612021,2=,3=,B=,14=,15=,2A=,2C=;#0015;ID=860693084873877;*06<",586d4ceec40fcfda1253bcdc6933d076c07ced451200c23419e4832260f64f9b,0015,00,LGWEEUA55TL612021,,,,
1850,860693084873877,2026-09-28 21:08:43+00,2026-09-28 21:08:43.964403+00,-34.731780,-58.338630,28.0,42,0,GPS,,f,14.2,5,PARCIAL,"{combustiblePct,rpm,combustibleConsumidoL,temperaturaRefrigeranteC,presionAceiteKpa}","{""3"": """"}",">REQ00280926210843-3473178-058338630280427F001420000000013010500001123;1=LGWEEUA55TL612021,2=,3=,B=,14=,15=,2A=,2C=;#0016;ID=860693084873877;*0C<",c5c2630ff6d136e2e24d86850ebf7dc177eda9d140e43f1320ce7170d3901c9c,0016,00,LGWEEUA55TL612021,,,,
1851,860693084873877,2026-09-28 21:09:43+00,2026-09-28 21:09:46.785755+00,-34.729700,-58.336390,44.0,39,0,GPS,,f,14.2,5,PARCIAL,"{combustiblePct,rpm,combustibleConsumidoL,temperaturaRefrigeranteC,presionAceiteKpa}","{""3"": """"}",">REQ00280926210943-3472970-058336390440397F001420000000013010500001131;1=LGWEEUA55TL612021,2=,3=,B=,14=,15=,2A=,2C=;#0018;ID=860693084873877;*06<",9d78ec32fdd3b583472479b8b763fb920d0343c3204d24bb603d2d1d71a55f46,0018,00,LGWEEUA55TL612021,,,,
1852,860693084873877,2026-09-28 21:10:43+00,2026-09-28 21:10:43.844532+00,-34.727260,-58.333640,0.0,40,0,GPS,,f,14.2,5,PARCIAL,"{combustiblePct,rpm,combustibleConsumidoL,temperaturaRefrigeranteC,presionAceiteKpa}","{""3"": """"}",">REQ00280926211043-3472726-058333640000407F001420000000013010500001128;1=LGWEEUA55TL612021,2=,3=,B=,14=,15=,2A=,2C=;#0019;ID=860693084873877;*09<",93d923de4b7a9b7b983d4b83ab7e647edb44c565c7d18c8cd26a20aa0ed18b37,0019,00,LGWEEUA55TL612021,,,,
1853,860693084873877,2026-09-28 21:11:43+00,2026-09-28 21:11:43.86933+00,-34.723790,-58.329890,41.0,41,0,GPS,,f,14.2,5,PARCIAL,"{combustiblePct,rpm,combustibleConsumidoL,temperaturaRefrigeranteC,presionAceiteKpa}","{""3"": """"}",">REQ00280926211143-3472379-058329890410417F001420000000013010500031124;1=LGWEEUA55TL612021,2=,3=,B=,14=,15=,2A=,2C=;#001B;ID=860693084873877;*7E<",ccd79950f24b083362edeaf478ff6dcdc130a4f2c820cb6f7aa183dc30e35055,001B,00,LGWEEUA55TL612021,,,,
1854,860693084873877,2026-09-28 21:12:43+00,2026-09-28 21:12:43.974816+00,-34.721170,-58.327110,37.0,40,0,GPS,,f,14.2,5,PARCIAL,"{combustiblePct,rpm,combustibleConsumidoL,temperaturaRefrigeranteC,presionAceiteKpa}","{""3"": """"}",">REQ00280926211243-3472117-058327110370407F001420000000013010500001131;1=LGWEEUA55TL612021,2=,3=,B=,14=,15=,2A=,2C=;#001C;ID=860693084873877;*7E<",3727c60e070ee1298c736e6f33436a539d3f6988ac15f4f0b85a26e4765dc746,001C,00,LGWEEUA55TL612021,,,,
1855,860693084873877,2026-09-28 21:13:43+00,2026-09-28 21:13:43.707621+00,-34.717260,-58.322840,5.0,37,0,GPS,,f,14.3,5,PARCIAL,"{combustiblePct,rpm,combustibleConsumidoL,temperaturaRefrigeranteC,presionAceiteKpa}","{""3"": """"}",">REQ00280926211343-3471726-058322840050377F001430000000013010500001125;1=LGWEEUA55TL612021,2=,3=,B=,14=,15=,2A=,2C=;#001E;ID=860693084873877;*72<",fab515139ced14294a81c57f99dcc10b87de7f6853aa493eab14b3a243935a89,001E,00,LGWEEUA55TL612021,,,,
1856,860693084873877,2026-09-28 21:14:43+00,2026-09-28 21:14:44.094417+00,-34.714390,-58.320040,31.0,39,0,GPS,,f,14.2,5,PARCIAL,"{combustiblePct,rpm,combustibleConsumidoL,temperaturaRefrigeranteC,presionAceiteKpa}","{""3"": """"}",">REQ00280926211443-3471439-058320040310397F001420000000013010500051127;1=LGWEEUA55TL612021,2=,3=,B=,14=,15=,2A=,2C=;#001F;ID=860693084873877;*7E<",27c91511c1c38cb4d5bb27f0922cb2ee23872e283e059951820d84300d1ee368,001F,00,LGWEEUA55TL612021,,,,
1857,860693084873877,2026-09-28 21:15:43+00,2026-09-28 21:15:44.035138+00,-34.711280,-58.316700,24.0,114,0,GPS,,f,14.3,5,PARCIAL,"{combustiblePct,rpm,combustibleConsumidoL,temperaturaRefrigeranteC,presionAceiteKpa}","{""3"": """"}",">REQ00280926211543-3471128-058316700241147F001430000000013010500001124;1=LGWEEUA55TL612021,2=,3=,B=,14=,15=,2A=,2C=;#0021;ID=860693084873877;*05<",8a4bc18fc5012c91c576bbad2c4b535b52981e86a6560e3bdf1239c24b821ca2,0021,00,LGWEEUA55TL612021,,,,
1858,860693084873877,2026-09-28 21:16:43+00,2026-09-28 21:16:44.056906+00,-34.711510,-58.312460,10.0,44,0,GPS,,f,14.2,5,PARCIAL,"{combustiblePct,rpm,combustibleConsumidoL,temperaturaRefrigeranteC,presionAceiteKpa}","{""3"": """"}",">REQ00280926211643-3471151-058312460100447F001420000000013010500001125;1=LGWEEUA55TL612021,2=,3=,B=,14=,15=,2A=,2C=;#0022;ID=860693084873877;*09<",51589852468343996bc6fe2118117a7362e3c2690519c30400e473de7c41327e,0022,00,LGWEEUA55TL612021,,,,
1859,860693084873877,2026-09-28 21:17:43+00,2026-09-28 21:17:46.748438+00,-34.710890,-58.310370,28.0,128,0,GPS,,f,14.2,5,PARCIAL,"{combustiblePct,rpm,combustibleConsumidoL,temperaturaRefrigeranteC,presionAceiteKpa}","{""3"": """"}",">REQ00280926211743-3471089-058310370281287F0014200000000130105000E1121;1=LGWEEUA55TL612021,2=,3=,B=,14=,15=,2A=,2C=;#0024;ID=860693084873877;*7F<",49918f79c897decf8023042afd9f9807a1f29680a2d9ddd491d6a4824b8d7c8d,0024,00,LGWEEUA55TL612021,,,,
1860,860693084873877,2026-09-28 21:18:43+00,2026-09-28 21:18:43.872152+00,-34.709230,-58.307890,51.0,46,0,GPS,,f,14.2,5,PARCIAL,"{combustiblePct,rpm,combustibleConsumidoL,temperaturaRefrigeranteC,presionAceiteKpa}","{""3"": """"}",">REQ00280926211843-3470923-058307890510467F001420000000013010500101118;1=LGWEEUA55TL612021,2=,3=,B=,14=,15=,2A=,2C=;#0025;ID=860693084873877;*03<",734a62d92feaf60811a431cfe6f01006b6d6cbdb7aad8aa73e16abbba742f7be,0025,00,LGWEEUA55TL612021,,,,
1861,860693084873877,2026-09-28 21:19:43+00,2026-09-28 21:19:43.818869+00,-34.699190,-58.304030,83.0,357,0,GPS,,f,14.2,6,PARCIAL,"{combustiblePct,rpm,combustibleConsumidoL,temperaturaRefrigeranteC,presionAceiteKpa}","{""3"": """"}",">REQ00280926211943-3469919-058304030833577F001420000000013010600021122;1=LGWEEUA55TL612021,2=,3=,B=,14=,15=,2A=,2C=;#0027;ID=860693084873877;*05<",7d1424a2c9809cce7473f2bceec3003bbd0c8b920b6993e3b595f147b12386b9,0027,00,LGWEEUA55TL612021,,,,
1862,860693084873877,2026-09-28 21:20:43+00,2026-09-28 21:20:43.983869+00,-34.699190,-58.304030,83.0,357,0,GPS,,f,14.2,6,PARCIAL,"{combustiblePct,rpm,combustibleConsumidoL,temperaturaRefrigeranteC,presionAceiteKpa}","{""3"": """"}",">REQ00280926212043-3469919-058304030833577F0014200000000130106003E1115;1=LGWEEUA55TL612021,2=,3=,B=,14=,15=,2A=,2C=;#0028;ID=860693084873877;*70<",14f7e158c2b592095e0335d8adcba0e39ab6aca4e1ebf02ad3a9a83fb7d22758,0028,00,LGWEEUA55TL612021,,,,
1863,860693084873877,2026-09-28 21:21:43+00,2026-09-28 21:21:46.859751+00,-34.699190,-58.304030,83.0,357,0,GPS,,f,14.3,6,PARCIAL,"{combustiblePct,rpm,combustibleConsumidoL,temperaturaRefrigeranteC,presionAceiteKpa}","{""3"": """"}",">REQ00280926212143-3469919-058304030833577F0014300000000130106007A1120;1=LGWEEUA55TL612021,2=,3=,B=,14=,15=,2A=,2C=;#002A;ID=860693084873877;*0F<",0f346a19d7d28affa50b592027a04c3951ace578ad0d39f7b0eb6ad40d8d6ae0,002A,00,LGWEEUA55TL612021,,,,
1864,860693084873877,2026-09-28 21:22:43+00,2026-09-28 21:22:43.883989+00,-34.676230,-58.329710,72.0,306,0,GPS,,f,14.2,6,PARCIAL,"{combustiblePct,rpm,combustibleConsumidoL,temperaturaRefrigeranteC,presionAceiteKpa}","{""3"": """"}",">REQ00280926212243-3467623-058329710723067F001420000000013010600091124;1=LGWEEUA55TL612021,2=,3=,B=,14=,15=,2A=,2C=;#002B;ID=860693084873877;*7D<",f7b8b084da3eddb3ffbe590829c380cf2169ab5120cf5468d72e69c45ea494b6,002B,00,LGWEEUA55TL612021,,,,
1865,860693084873877,2026-09-28 21:23:43+00,2026-09-28 21:23:46.923957+00,-34.670340,-58.337590,56.0,299,0,GPS,,f,14.2,6,PARCIAL,"{combustiblePct,rpm,combustibleConsumidoL,temperaturaRefrigeranteC,presionAceiteKpa}","{""3"": """"}",">REQ00280926212343-3467034-058337590562997F001420000000013010600111130;1=LGWEEUA55TL612021,2=,3=,B=,14=,15=,2A=,2C=;#002D;ID=860693084873877;*72<",d6128f2d5e7506ee01caf075b6e82f00ce400a049cfa6d33e4593856181f7925,002D,00,LGWEEUA55TL612021,,,,
1866,860693084873877,2026-09-28 21:24:43+00,2026-09-28 21:24:43.918094+00,-34.663700,-58.344630,64.0,325,0,GPS,,f,14.2,6,PARCIAL,"{combustiblePct,rpm,combustibleConsumidoL,temperaturaRefrigeranteC,presionAceiteKpa}","{""3"": """"}",">REQ00280926212443-3466370-058344630643257F001420000000013010600141126;1=LGWEEUA55TL612021,2=,3=,B=,14=,15=,2A=,2C=;#002E;ID=860693084873877;*7E<",6bf6ff10a94253c51da37bad4acc97ef76ff89a97343934d110264aa221029bc,002E,00,LGWEEUA55TL612021,,,,
1867,860693084873877,2026-09-28 21:25:43+00,2026-09-28 21:25:46.824463+00,-34.653150,-58.352630,49.0,346,0,GPS,,f,14.3,7,PARCIAL,"{combustiblePct,rpm,combustibleConsumidoL,temperaturaRefrigeranteC,presionAceiteKpa}","{""3"": """"}",">REQ00280926212543-3465315-058352630493467F001430000000013010700001128;1=LGWEEUA55TL612021,2=,3=,B=,14=,15=,2A=,2C=;#0030;ID=860693084873877;*0D<",5524ce997f1bfbd87d9a4f04d0866e5af12f9636dc20756619ba9d24725e2ba8,0030,00,LGWEEUA55TL612021,,,,
1868,860693084873877,2026-09-28 21:26:43+00,2026-09-28 21:26:43.981854+00,-34.645120,-58.350340,64.0,10,0,GPS,,f,14.1,7,PARCIAL,"{combustiblePct,rpm,combustibleConsumidoL,temperaturaRefrigeranteC,presionAceiteKpa}","{""3"": """"}",">REQ00280926212643-3464512-058350340640107F001410000000013010700001126;1=LGWEEUA55TL612021,2=,3=,B=,14=,15=,2A=,2C=;#0031;ID=860693084873877;*0C<",238ab067c4c66774be7a4648ff7716c9b19d4c1e7dd04fd73876b11e7b0bf857,0031,00,LGWEEUA55TL612021,,,,
1869,860693084873877,2026-09-28 21:27:43+00,2026-09-28 21:27:43.930849+00,-34.633710,-58.353490,82.0,1,0,GPS,,f,14.2,7,PARCIAL,"{combustiblePct,rpm,combustibleConsumidoL,temperaturaRefrigeranteC,presionAceiteKpa}","{""3"": """"}",">REQ00280926212743-3463371-058353490820017F001420000000013010700001125;1=LGWEEUA55TL612021,2=,3=,B=,14=,15=,2A=,2C=;#0032;ID=860693084873877;*0B<",94c63da3b59ca8887085758feabbbc3e91696a3cc166e1573322b291e4cc09b6,0032,00,LGWEEUA55TL612021,,,,
1870,860693084873877,2026-09-28 21:28:43+00,2026-09-28 21:28:46.85979+00,-34.625460,-58.361160,62.0,302,0,GPS,,f,14.2,7,PARCIAL,"{combustiblePct,rpm,combustibleConsumidoL,temperaturaRefrigeranteC,presionAceiteKpa}","{""3"": """"}",">REQ00280926212843-3462546-058361160623027F001420000000013010700001117;1=LGWEEUA55TL612021,2=,3=,B=,14=,15=,2A=,2C=;#0034;ID=860693084873877;*05<",32b03f0190919bdeb0b33a6867ee5b0a53ce5ea44fbf85941fb7899783a0b3d3,0034,00,LGWEEUA55TL612021,,,,
1871,860693084873877,2026-09-28 21:29:43+00,2026-09-28 21:29:43.934987+00,-34.622450,-58.371120,70.0,269,0,GPS,,f,14.2,8,PARCIAL,"{combustiblePct,rpm,combustibleConsumidoL,temperaturaRefrigeranteC,presionAceiteKpa}","{""3"": """"}",">REQ00280926212943-3462245-058371120702697F001420000000013010800001131;1=LGWEEUA55TL612021,2=,3=,B=,14=,15=,2A=,2C=;#0035;ID=860693084873877;*00<",77bb88650068069b3bc78e02cf75c99d55116e39116f9c8974192576a5b8f0e4,0035,00,LGWEEUA55TL612021,,,,
1872,860693084873877,2026-09-28 21:30:43+00,2026-09-28 21:30:43.879542+00,-34.622920,-58.385470,72.0,265,0,GPS,,f,14.2,8,PARCIAL,"{combustiblePct,rpm,combustibleConsumidoL,temperaturaRefrigeranteC,presionAceiteKpa}","{""3"": """"}",">REQ00280926213043-3462292-058385470722657F001420000000013010800001128;1=LGWEEUA55TL612021,2=,3=,B=,14=,15=,2A=,2C=;#0037;ID=860693084873877;*0D<",0d2ca3cf3fe527efe122c4135ef28bb4d8cc2f51e0552f916d5b7f5546dceb85,0037,00,LGWEEUA55TL612021,,,,
1873,860693084873877,2026-09-28 21:31:43+00,2026-09-28 21:31:43.95023+00,-34.624740,-58.397520,51.0,258,0,GPS,,f,14.2,8,PARCIAL,"{combustiblePct,rpm,combustibleConsumidoL,temperaturaRefrigeranteC,presionAceiteKpa}","{""3"": """"}",">REQ00280926213143-3462474-058397520512587F001420000000013010800001126;1=LGWEEUA55TL612021,2=,3=,B=,14=,15=,2A=,2C=;#0038;ID=860693084873877;*0B<",e0d2fcca7e310afeac759ff93fbcc34526440902c3938012b49c41b21211fd21,0038,00,LGWEEUA55TL612021,,,,
1874,860693084873877,2026-09-28 21:32:43+00,2026-09-28 21:32:44.407711+00,-34.624360,-58.400310,11.0,356,0,GPS,,f,14.3,8,PARCIAL,"{combustiblePct,rpm,combustibleConsumidoL,temperaturaRefrigeranteC,presionAceiteKpa}","{""3"": """"}",">REQ00280926213243-3462436-058400310113567F001430000000013010800001115;1=LGWEEUA55TL612021,2=,3=,B=,14=,15=,2A=,2C=;#003A;ID=860693084873877;*71<",5df8894aa31cee316123ce79f66b2f03055ea9d0648312f87bf86e29465abf07,003A,00,LGWEEUA55TL612021,,,,
1875,860693084873877,2026-09-28 21:33:43+00,2026-09-28 21:33:47.075228+00,-34.620240,-58.400860,20.0,355,0,GPS,,f,14.3,8,PARCIAL,"{combustiblePct,rpm,combustibleConsumidoL,temperaturaRefrigeranteC,presionAceiteKpa}","{""3"": """"}",">REQ00280926213343-3462024-058400860203557F001430000000013010800001117;1=LGWEEUA55TL612021,2=,3=,B=,14=,15=,2A=,2C=;#003C;ID=860693084873877;*7A<",e151db1b872d521c29ec2cb38426a6a909b80d98a5b31653628dea4dabf487b0,003C,00,LGWEEUA55TL612021,,,,
1876,860693084873877,2026-09-28 21:34:43+00,2026-09-28 21:34:43.951009+00,-34.618690,-58.402060,9.0,261,0,GPS,,f,14.3,8,PARCIAL,"{combustiblePct,rpm,combustibleConsumidoL,temperaturaRefrigeranteC,presionAceiteKpa}","{""3"": """"}",">REQ00280926213443-3461869-058402060092617F001430000000013010800001131;1=LGWEEUA55TL612021,2=,3=,B=,14=,15=,2A=,2C=;#003D;ID=860693084873877;*7B<",1a364cabe82b1a4840163a2f9be0f3afe4cb2f5e4d848ab97a1259a9f3dc438b,003D,00,LGWEEUA55TL612021,,,,
1877,860693084873877,2026-09-28 21:35:43+00,2026-09-28 21:35:46.917949+00,-34.619700,-58.407980,29.0,253,0,GPS,,f,14.3,8,PARCIAL,"{combustiblePct,rpm,combustibleConsumidoL,temperaturaRefrigeranteC,presionAceiteKpa}","{""3"": """"}",">REQ00280926213543-3461970-058407980292537F001430000000013010800001125;1=LGWEEUA55TL612021,2=,3=,B=,14=,15=,2A=,2C=;#003F;ID=860693084873877;*75<",539eeb11e16f4b5f708d9463d711a0b08fb94097d957d6be56cc780c9d0a26f6,003F,00,LGWEEUA55TL612021,,,,
1878,860693084873877,2026-09-28 21:36:43+00,2026-09-28 21:36:44.055205+00,-34.620130,-58.410160,0.0,258,0,GPS,,f,14.3,8,PARCIAL,"{combustiblePct,rpm,combustibleConsumidoL,temperaturaRefrigeranteC,presionAceiteKpa}","{""3"": """"}",">REQ00280926213643-3462013-058410160002587F001430000000013010800001126;1=LGWEEUA55TL612021,2=,3=,B=,14=,15=,2A=,2C=;#0040;ID=860693084873877;*0B<",04c7d8e0adcddcd533fc028441640db0215f0e47cd34adf5db37ec7dacd54ffb,0040,00,LGWEEUA55TL612021,,,,
1879,860693084873877,2026-09-28 21:37:43+00,2026-09-28 21:37:43.978448+00,-34.619790,-58.413930,17.0,352,0,GPS,,f,14.2,8,PARCIAL,"{combustiblePct,rpm,combustibleConsumidoL,temperaturaRefrigeranteC,presionAceiteKpa}","{""3"": """"}",">REQ00280926213743-3461979-058413930173527F001420000000013010800001121;1=LGWEEUA55TL612021,2=,3=,B=,14=,15=,2A=,2C=;#0041;ID=860693084873877;*08<",909a59d2744d083a7ac4ea8b3b1ef0208d8acd2fbad1e7d70f534ae1d0991892,0041,00,LGWEEUA55TL612021,,,,
1880,860693084873877,2026-09-28 21:38:43+00,2026-09-28 21:38:43.939535+00,-34.619560,-58.413970,24.0,352,0,GPS,,f,14.3,8,PARCIAL,"{combustiblePct,rpm,combustibleConsumidoL,temperaturaRefrigeranteC,presionAceiteKpa}","{""3"": """"}",">REQ00280926213843-3461956-058413970243527F001430000000013010800001119;1=LGWEEUA55TL612021,2=,3=,B=,14=,15=,2A=,2C=;#0043;ID=860693084873877;*06<",2ec12dede936fedf7b1b01e1e74d512b7f995afea97cabfb7ba08c2078993310,0043,00,LGWEEUA55TL612021,,,,
1881,860693084873877,2026-09-28 21:39:43+00,2026-09-28 21:39:44.119329+00,-34.614100,-58.414550,38.0,349,0,GPS,,f,14.2,8,PARCIAL,"{combustiblePct,rpm,combustibleConsumidoL,temperaturaRefrigeranteC,presionAceiteKpa}","{""3"": """"}",">REQ00280926213943-3461410-058414550383497F001420000000013010800001125;1=LGWEEUA55TL612021,2=,3=,B=,14=,15=,2A=,2C=;#0044;ID=860693084873877;*0F<",727163d9c5d223cb6e7dc572f710ce59734b34175019db1178fad1f70ab17be8,0044,00,LGWEEUA55TL612021,,,,
1882,860693084873877,2026-09-28 21:40:43+00,2026-09-28 21:40:46.924598+00,-34.612050,-58.415260,12.0,338,0,GPS,,f,14.3,8,PARCIAL,"{combustiblePct,rpm,combustibleConsumidoL,temperaturaRefrigeranteC,presionAceiteKpa}","{""3"": """"}",">REQ00280926214043-3461205-058415260123387F001430000000013010800001124;1=LGWEEUA55TL612021,2=,3=,B=,14=,15=,2A=,2C=;#0046;ID=860693084873877;*0A<",97388a34f4d32c5a74b3c99e3f239eb789d2053af88028bf91bf7b420082f9b1,0046,00,LGWEEUA55TL612021,,,,
1883,860693084873877,2026-09-28 21:41:43+00,2026-09-28 21:41:46.851872+00,-34.611310,-58.415620,0.0,313,0,GPS,,f,14.2,8,PARCIAL,"{combustiblePct,rpm,combustibleConsumidoL,temperaturaRefrigeranteC,presionAceiteKpa}","{""3"": """"}",">REQ00280926214143-3461131-058415620003137F001420000000013010800001122;1=LGWEEUA55TL612021,2=,3=,B=,14=,15=,2A=,2C=;#0048;ID=860693084873877;*0C<",7af0b354393bbfdfbc71fbd49b068c8b3ab4d70751d5aed2fd4fb3eb24080148,0048,00,LGWEEUA55TL612021,,,,
1884,860693084873877,2026-09-28 21:42:43+00,2026-09-28 21:42:44.609463+00,-34.609090,-58.415970,13.0,1,0,GPS,,f,14.3,8,PARCIAL,"{combustiblePct,rpm,combustibleConsumidoL,temperaturaRefrigeranteC,presionAceiteKpa}","{""3"": """"}",">REQ00280926214243-3460909-058415970130017F001430000000013010800001122;1=LGWEEUA55TL612021,2=,3=,B=,14=,15=,2A=,2C=;#0049;ID=860693084873877;*05<",e4db5b04d64501fe3ceb82198a466e6a3d9b7a55a1791d318c417478639cc767,0049,00,LGWEEUA55TL612021,,,,
1885,860693084873877,2026-09-28 21:43:43+00,2026-09-28 21:43:46.424148+00,-34.604800,-58.415810,15.0,11,0,GPS,,f,14.2,8,PARCIAL,"{combustiblePct,rpm,combustibleConsumidoL,temperaturaRefrigeranteC,presionAceiteKpa}","{""3"": """"}",">REQ00280926214343-3460480-058415810150117F001420000000013010800001128;1=LGWEEUA55TL612021,2=,3=,B=,14=,15=,2A=,2C=;#004B;ID=860693084873877;*78<",7cc4e63d9ec00ea9e8b6fcae94769edd75ab4681af9b2ee0ecb325943632d1d3,004B,00,LGWEEUA55TL612021,,,,
1886,860693084873877,2026-09-28 21:44:43+00,2026-09-28 21:44:43.985793+00,-34.604010,-58.415730,0.0,327,0,GPS,,f,14.2,8,PARCIAL,"{combustiblePct,rpm,combustibleConsumidoL,temperaturaRefrigeranteC,presionAceiteKpa}","{""3"": """"}",">REQ00280926214443-3460401-058415730003277F001420000000013010800001129;1=LGWEEUA55TL612021,2=,3=,B=,14=,15=,2A=,2C=;#004C;ID=860693084873877;*79<",29029e0b86048574478632a1aae1c4cfcd02efe3fa8fd5daea6d26963069e67b,004C,00,LGWEEUA55TL612021,,,,
1887,860693084873877,2026-09-28 21:45:43+00,2026-09-28 21:45:43.977663+00,-34.601020,-58.415170,7.0,4,0,GPS,,f,14.1,8,PARCIAL,"{combustiblePct,rpm,combustibleConsumidoL,temperaturaRefrigeranteC,presionAceiteKpa}","{""3"": """"}",">REQ00280926214543-3460102-058415170070047F001410000000013010800001122;1=LGWEEUA55TL612021,2=,3=,B=,14=,15=,2A=,2C=;#004D;ID=860693084873877;*76<",acd9215cbd83ffb1b1023db832e493f85a0b78f65a54de07f3d8f4cc5a04b3f2,004D,00,LGWEEUA55TL612021,,,,
1888,860693084873877,2026-09-28 21:46:43+00,2026-09-28 21:46:46.788361+00,-34.600800,-58.415200,9.0,332,0,GPS,,f,14.3,8,PARCIAL,"{combustiblePct,rpm,combustibleConsumidoL,temperaturaRefrigeranteC,presionAceiteKpa}","{""3"": """"}",">REQ00280926214643-3460080-058415200093327F001430000000013010800001123;1=LGWEEUA55TL612021,2=,3=,B=,14=,15=,2A=,2C=;#004F;ID=860693084873877;*73<",3e9cf7c24698707305e391525238bdea7ac479a4013b2ddd4d31a931662be3c5,004F,00,LGWEEUA55TL612021,,,,
1889,860693084873877,2026-09-28 21:47:43+00,2026-09-28 21:47:46.881426+00,-34.600230,-58.416820,30.0,290,0,GPS,,f,14.2,8,PARCIAL,"{combustiblePct,rpm,combustibleConsumidoL,temperaturaRefrigeranteC,presionAceiteKpa}","{""3"": """"}",">REQ00280926214743-3460023-058416820302907F001420000000013010800001122;1=LGWEEUA55TL612021,2=,3=,B=,14=,15=,2A=,2C=;#0051;ID=860693084873877;*05<",6c1e94f030ead7de5e6e167f5817b6dea884e554e64374c212048a6890f0a745,0051,00,LGWEEUA55TL612021,,,,
1890,860693084873877,2026-09-28 21:48:43+00,2026-09-28 21:48:44.00087+00,-34.599630,-58.418780,0.0,291,0,GPS,,f,14.3,8,PARCIAL,"{combustiblePct,rpm,combustibleConsumidoL,temperaturaRefrigeranteC,presionAceiteKpa}","{""3"": """"}",">REQ00280926214843-3459963-058418780002917F001430000000013010800001121;1=LGWEEUA55TL612021,2=,3=,B=,14=,15=,2A=,2C=;#0052;ID=860693084873877;*05<",e69375afd083d54deb9af477fa6efdabead34b51aab1cf3ef12726d2e5b20db6,0052,00,LGWEEUA55TL612021,,,,
1891,860693084873877,2026-09-28 21:49:43+00,2026-09-28 21:49:46.858559+00,-34.599400,-58.419250,26.0,302,0,GPS,,f,14.3,8,PARCIAL,"{combustiblePct,rpm,combustibleConsumidoL,temperaturaRefrigeranteC,presionAceiteKpa}","{""3"": """"}",">REQ00280926214943-3459940-058419250263027F001430000000013010800001131;1=LGWEEUA55TL612021,2=,3=,B=,14=,15=,2A=,2C=;#0054;ID=860693084873877;*04<",6d86ac14cd1c864e0a868a142e7ae57d6876f3db3f2acea894c2ee418fd48247,0054,00,LGWEEUA55TL612021,,,,
1892,860693084873877,2026-09-28 21:50:43+00,2026-09-28 21:50:43.995423+00,-34.598490,-58.421260,3.0,302,0,GPS,,f,14.3,8,PARCIAL,"{combustiblePct,rpm,combustibleConsumidoL,temperaturaRefrigeranteC,presionAceiteKpa}","{""3"": """"}",">REQ00280926215043-3459849-058421260033027F001430000000013010800001124;1=LGWEEUA55TL612021,2=,3=,B=,14=,15=,2A=,2C=;#0055;ID=860693084873877;*0E<",37d88bb65a0e98a99df9e21862192dcb0ca28f8aafed13d3b7c78c1b25783a64,0055,00,LGWEEUA55TL612021,,,,
1893,860693084873877,2026-09-28 21:51:43+00,2026-09-28 21:51:46.83543+00,-34.598540,-58.421330,0.0,256,0,GPS,,f,14.3,8,PARCIAL,"{combustiblePct,rpm,combustibleConsumidoL,temperaturaRefrigeranteC,presionAceiteKpa}","{""3"": """"}",">REQ00280926215143-3459854-058421330002567F001430000000013010800001111;1=LGWEEUA55TL612021,2=,3=,B=,14=,15=,2A=,2C=;#0057;ID=860693084873877;*00<",dae7a9042280012c37e680b1b30fca6880c1c29bb4085185cd88e2b3b122504f,0057,00,LGWEEUA55TL612021,,,,
1894,860693084873877,2026-09-28 21:52:43+00,2026-09-28 21:52:44.031692+00,-34.598450,-58.421250,2.0,189,0,GPS,,f,3.2,8,PARCIAL,"{combustiblePct,rpm,combustibleConsumidoL,temperaturaRefrigeranteC,presionAceiteKpa}","{""3"": """"}",">REQ00280926215243-3459845-058421250021897F000320000000013010800001116;1=LGWEEUA55TL612021,2=,3=,B=,14=,15=,2A=,2C=;#0058;ID=860693084873877;*08<",f94b6c7352e4fde36f14c197f51a1f75d4c1f7483cdf39d70832e068e8b78011,0058,00,LGWEEUA55TL612021,,,,
1895,860693084873877,2026-09-28 21:53:43+00,2026-09-28 21:53:46.759301+00,-34.598540,-58.421310,2.0,231,0,GPS,,f,3.3,8,PARCIAL,"{combustiblePct,rpm,combustibleConsumidoL,temperaturaRefrigeranteC,presionAceiteKpa}","{""3"": """"}",">REQ00280926215343-3459854-058421310022317F0003300000000130108000D1116;1=LGWEEUA55TL612021,2=,3=,B=,14=,15=,2A=,2C=;#005A;ID=860693084873877;*00<",d0c8749ae06fd4b3953c7f17eedea5f2ce8c4e3f70e7087922df42d69ceb99f5,005A,00,LGWEEUA55TL612021,,,,
1896,860693084873877,2026-09-28 21:54:43+00,2026-09-28 21:54:43.818922+00,-34.598610,-58.421400,0.0,222,0,GPS,,f,3.1,8,PARCIAL,"{combustiblePct,rpm,combustibleConsumidoL,temperaturaRefrigeranteC,presionAceiteKpa}","{""3"": """"}",">REQ00280926215443-3459861-058421400002227F000310000000013010800001117;1=LGWEEUA55TL612021,2=,3=,B=,14=,15=,2A=,2C=;#005B;ID=860693084873877;*73<",2f2ee9cf7e818783fc37dbcac7fc3536bca3a1bff365247ed87625e0a4035b75,005B,00,LGWEEUA55TL612021,,,,
1897,860693084873877,2026-09-28 21:55:43+00,2026-09-28 21:55:46.844837+00,-34.598370,-58.421340,1.0,345,0,GPS,,f,0.0,8,PARCIAL,"{combustiblePct,rpm,combustibleConsumidoL,temperaturaRefrigeranteC,presionAceiteKpa}","{""3"": """"}",">REQ00280926215543-3459837-058421340013457F000000000000013010800001120;1=LGWEEUA55TL612021,2=,3=,B=,14=,15=,2A=,2C=;#005D;ID=860693084873877;*73<",02715961e17971f05d38058434e3cf3eaef2fe06e15528d22a782a71083bc10d,005D,00,LGWEEUA55TL612021,,,,
1898,860693084873877,2026-09-28 21:56:43+00,2026-09-28 21:56:43.995155+00,-34.598590,-58.421330,0.0,101,0,GPS,,f,0.0,8,PARCIAL,"{combustiblePct,rpm,combustibleConsumidoL,temperaturaRefrigeranteC,presionAceiteKpa}","{""3"": """"}",">REQ00280926215643-3459859-058421330001017F000000000000013010800001116;1=LGWEEUA55TL612021,2=,3=,B=,14=,15=,2A=,2C=;#005E;ID=860693084873877;*78<",2c92b10a57b04461db20106e58db301f05126e8c7b0675e81ad0a8236d1694bd,005E,00,LGWEEUA55TL612021,,,,
1899,860693084873877,2026-09-28 21:57:43+00,2026-09-28 21:57:46.852789+00,-34.598620,-58.421380,0.0,86,0,GPS,,f,0.0,8,PARCIAL,"{combustiblePct,rpm,combustibleConsumidoL,temperaturaRefrigeranteC,presionAceiteKpa}","{""3"": """"}",">REQ00280926215743-3459862-058421380000867F000000000000013010800001121;1=LGWEEUA55TL612021,2=,3=,B=,14=,15=,2A=,2C=;#0060;ID=860693084873877;*06<",57730e35f86989e6ea19361cd653f34748f56f4f6f0965ed4c3be294e81a660a,0060,00,LGWEEUA55TL612021,,,,
1900,860693084873877,2026-09-28 21:58:43+00,2026-09-28 21:58:43.948721+00,-34.598630,-58.421260,0.0,303,0,GPS,,f,0.0,8,PARCIAL,"{combustiblePct,rpm,combustibleConsumidoL,temperaturaRefrigeranteC,presionAceiteKpa}","{""3"": """"}",">REQ00280926215843-3459863-058421260003037F000000000000013010800001117;1=LGWEEUA55TL612021,2=,3=,B=,14=,15=,2A=,2C=;#0061;ID=860693084873877;*0D<",9b555f557bbbd1c46dbe91aebefd1cf5123549b4c05d7ee4f92172a4c3af5710,0061,00,LGWEEUA55TL612021,,,,
1901,860693084873877,2026-09-28 21:59:43+00,2026-09-28 21:59:43.890055+00,-34.598580,-58.421200,0.0,118,0,GPS,,f,0.0,8,PARCIAL,"{combustiblePct,rpm,combustibleConsumidoL,temperaturaRefrigeranteC,presionAceiteKpa}","{""3"": """"}",">REQ00280926215943-3459858-058421200001187F000000000000013010800001116;1=LGWEEUA55TL612021,2=,3=,B=,14=,15=,2A=,2C=;#0062;ID=860693084873877;*08<",84632262b5268791226e2069f654216107575f2f0b268fad7969ceaa8f658cad,0062,00,LGWEEUA55TL612021,,,,
1902,860693084873877,2026-09-28 22:00:43+00,2026-09-28 22:00:46.834001+00,-34.598580,-58.421230,0.0,323,0,GPS,,f,0.0,8,PARCIAL,"{combustiblePct,rpm,combustibleConsumidoL,temperaturaRefrigeranteC,presionAceiteKpa}","{""3"": """"}",">REQ00280926220043-3459858-058421230003237F000000000000013010800001117;1=LGWEEUA55TL612021,2=,3=,B=,14=,15=,2A=,2C=;#0064;ID=860693084873877;*09<",539be6a5bc4e40789b35759f0acac2a5954cb32cb27fd0777aed5bcade9a8afb,0064,00,LGWEEUA55TL612021,,,,
1903,860693084873877,2026-09-28 22:01:43+00,2026-09-28 22:01:46.935977+00,-34.598580,-58.421310,0.0,259,0,GPS,,f,0.0,8,PARCIAL,"{combustiblePct,rpm,combustibleConsumidoL,temperaturaRefrigeranteC,presionAceiteKpa}","{""3"": """"}",">REQ00280926220143-3459858-058421310002597F000000000000013010800001117;1=LGWEEUA55TL612021,2=,3=,B=,14=,15=,2A=,2C=;#0065;ID=860693084873877;*06<",c75fdfbb5310f826a2c61d2b5cd3f656afc7b563b4c05f81fc98ca7810c84dee,0065,00,LGWEEUA55TL612021,,,,
1904,860693084873877,2026-09-28 22:02:43+00,2026-09-28 22:02:44.039213+00,-34.598590,-58.421230,0.0,103,0,GPS,,f,0.0,8,PARCIAL,"{combustiblePct,rpm,combustibleConsumidoL,temperaturaRefrigeranteC,presionAceiteKpa}","{""3"": """"}",">REQ00280926220243-3459859-058421230001037F000000000000013010800001117;1=LGWEEUA55TL612021,2=,3=,B=,14=,15=,2A=,2C=;#0067;ID=860693084873877;*09<",cab781ec79c8871b893062a9fd8fc14c5e6fe741f46f0a3177e37a5c0e391bb6,0067,00,LGWEEUA55TL612021,,,,
1905,860693084873877,2026-09-28 22:03:43+00,2026-09-28 22:03:46.88271+00,-34.598590,-58.421230,0.0,103,0,GPS,,f,0.0,8,PARCIAL,"{combustiblePct,rpm,combustibleConsumidoL,temperaturaRefrigeranteC,presionAceiteKpa}","{""3"": """"}",">REQ00280926220343-3459859-058421230001037F000000000000013010800001117;1=LGWEEUA55TL612021,2=,3=,B=,14=,15=,2A=,2C=;#0068;ID=860693084873877;*07<",81401af71e03b37db696a624b39762714e1cbf3b06ce362b2040108d736d25d3,0068,00,LGWEEUA55TL612021,,,,
1906,860693084873877,2026-09-28 22:04:43+00,2026-09-28 22:04:46.84679+00,-34.598560,-58.421300,0.0,76,0,GPS,,f,0.0,8,PARCIAL,"{combustiblePct,rpm,combustibleConsumidoL,temperaturaRefrigeranteC,presionAceiteKpa}","{""3"": """"}",">REQ00280926220443-3459856-058421300000767F000000000000013010800001116;1=LGWEEUA55TL612021,2=,3=,B=,14=,15=,2A=,2C=;#006A;ID=860693084873877;*76<",e35220726d42b3f307bd709fd6e5240b6941311d423d12d0097985aafe4834fd,006A,00,LGWEEUA55TL612021,,,,
1907,860693084873877,2026-09-28 22:05:43+00,2026-09-28 22:05:46.978928+00,-34.598550,-58.421290,0.0,323,0,GPS,,f,0.0,8,PARCIAL,"{combustiblePct,rpm,combustibleConsumidoL,temperaturaRefrigeranteC,presionAceiteKpa}","{""3"": """"}",">REQ00280926220543-3459855-058421290003237F000000000000013010800001119;1=LGWEEUA55TL612021,2=,3=,B=,14=,15=,2A=,2C=;#006B;ID=860693084873877;*73<",ad137401a4e481a3273184d5b2968cf835092293daed6e60d1e01c9bf3781c7b,006B,00,LGWEEUA55TL612021,,,,
1908,860693084873877,2026-09-28 22:06:43+00,2026-09-28 22:06:43.959522+00,-34.598490,-58.421380,0.0,262,0,GPS,,f,0.0,8,PARCIAL,"{combustiblePct,rpm,combustibleConsumidoL,temperaturaRefrigeranteC,presionAceiteKpa}","{""3"": """"}",">REQ00280926220643-3459849-058421380002627F000000000000013010800001117;1=LGWEEUA55TL612021,2=,3=,B=,14=,15=,2A=,2C=;#006D;ID=860693084873877;*71<",c6ba58e13139263d026b8f72f5b0813398341ca8464b37a3ce6ec85e694180c7,006D,00,LGWEEUA55TL612021,,,,
1909,860693084873877,2026-09-28 22:07:43+00,2026-09-28 22:07:46.837638+00,-34.598490,-58.421380,0.0,262,0,GPS,,f,0.0,8,PARCIAL,"{combustiblePct,rpm,combustibleConsumidoL,temperaturaRefrigeranteC,presionAceiteKpa}","{""3"": """"}",">REQ00280926220743-3459849-058421380002627F000000000000013010800001117;1=LGWEEUA55TL612021,2=,3=,B=,14=,15=,2A=,2C=;#006E;ID=860693084873877;*71<",4fe276f9808eed939b81e72960bf25e755ee5953620f0703c02c8f8fdaa55e78,006E,00,LGWEEUA55TL612021,,,,
1910,860693084873877,2026-09-28 22:08:43+00,2026-09-28 22:08:43.944784+00,-34.598490,-58.421380,0.0,262,0,GPS,,f,0.0,8,PARCIAL,"{combustiblePct,rpm,combustibleConsumidoL,temperaturaRefrigeranteC,presionAceiteKpa}","{""3"": """"}",">REQ00280926220843-3459849-058421380002627F000000000000013010800001117;1=LGWEEUA55TL612021,2=,3=,B=,14=,15=,2A=,2C=;#0070;ID=860693084873877;*0A<",4406f5e300e95c223ff4ffb6cb5469ce50a6d088e3d38994563533770ad68bd5,0070,00,LGWEEUA55TL612021,,,,
1911,860693084873877,2026-09-28 22:09:43+00,2026-09-28 22:09:46.612944+00,-34.598490,-58.421380,0.0,262,0,GPS,,f,0.0,8,PARCIAL,"{combustiblePct,rpm,combustibleConsumidoL,temperaturaRefrigeranteC,presionAceiteKpa}","{""3"": """"}",">REQ00280926220943-3459849-058421380002627F000000000000013010800001116;1=LGWEEUA55TL612021,2=,3=,B=,14=,15=,2A=,2C=;#0071;ID=860693084873877;*0B<",b3d55a5c905b1f899f26b80c911a4da7d3d66ed7f5a5a14613f73eb8960c2099,0071,00,LGWEEUA55TL612021,,,,
1912,860693084873877,2026-09-28 22:10:43+00,2026-09-28 22:10:46.81391+00,-34.598550,-58.421300,0.0,67,0,GPS,,f,0.0,8,PARCIAL,"{combustiblePct,rpm,combustibleConsumidoL,temperaturaRefrigeranteC,presionAceiteKpa}","{""3"": """"}",">REQ00280926221043-3459855-058421300000677F000000000000013010800001117;1=LGWEEUA55TL612021,2=,3=,B=,14=,15=,2A=,2C=;#0073;ID=860693084873877;*02<",6726df324595a43b71e2ec7a83f4383c8cd28152400cc72db884b59d69c61705,0073,00,LGWEEUA55TL612021,,,,
1913,860693084873877,2026-09-28 22:11:43+00,2026-09-28 22:11:46.773499+00,-34.598560,-58.421350,0.0,296,0,GPS,,f,0.0,8,PARCIAL,"{combustiblePct,rpm,combustibleConsumidoL,temperaturaRefrigeranteC,presionAceiteKpa}","{""3"": """"}",">REQ00280926221143-3459856-058421350002967F000000000000013010800001117;1=LGWEEUA55TL612021,2=,3=,B=,14=,15=,2A=,2C=;#0074;ID=860693084873877;*0E<",c3a1767f6ab63026e79d6f1f9c82f727a3b9492721185609ff692f4d456fc6f7,0074,00,LGWEEUA55TL612021,,,,
1914,860693084873877,2026-09-28 22:12:43+00,2026-09-28 22:12:46.976273+00,-34.598590,-58.421290,0.0,123,0,GPS,,f,0.0,8,PARCIAL,"{combustiblePct,rpm,combustibleConsumidoL,temperaturaRefrigeranteC,presionAceiteKpa}","{""3"": """"}",">REQ00280926221243-3459859-058421290001237F000000000000013010800001114;1=LGWEEUA55TL612021,2=,3=,B=,14=,15=,2A=,2C=;#0076;ID=860693084873877;*03<",248c0d94f3c96784e965111fac7eb4598899a743784cbd477508a49cd9cc9550,0076,00,LGWEEUA55TL612021,,,,
1915,860693084873877,2026-09-28 22:13:43+00,2026-09-28 22:13:46.847875+00,-34.598570,-58.421310,0.0,55,0,GPS,,f,0.0,8,PARCIAL,"{combustiblePct,rpm,combustibleConsumidoL,temperaturaRefrigeranteC,presionAceiteKpa}","{""3"": """"}",">REQ00280926221343-3459857-058421310000557F000000000000013010800001115;1=LGWEEUA55TL612021,2=,3=,B=,14=,15=,2A=,2C=;#0077;ID=860693084873877;*05<",0ed31285df6d988f1665bf02d33f9715aa59598089764723ad91aa26b430ea41,0077,00,LGWEEUA55TL612021,,,,
1916,860693084873877,2026-09-28 22:14:43+00,2026-09-28 22:15:17.208102+00,-34.598610,-58.421290,0.0,349,0,GPS,,f,0.0,8,PARCIAL,"{combustiblePct,rpm,combustibleConsumidoL,temperaturaRefrigeranteC,presionAceiteKpa}","{""3"": """"}",">REQ00280926221443-3459861-058421290003497F000000000000013010800001115;1=LGWEEUA55TL612021,2=,3=,B=,14=,15=,2A=,2C=;#0001;ID=860693084873877;*01<",7cfb3f119a56d2dc3781258978f11b4ca19f12014b84a8826e6381cca049bbe0,0001,00,LGWEEUA55TL612021,,,,
1917,860693084873877,2026-09-28 22:15:48+00,2026-09-28 22:15:51.65956+00,-34.598710,-58.421420,0.0,0,0,GPS,,f,0.0,7,PARCIAL,"{combustiblePct,vin,rpm,combustibleConsumidoL,temperaturaRefrigeranteC,presionAceiteKpa}","{""3"": """"}",">REQ00280926221548-3459871-058421420000007F000000000000013010700001115;1=,2=,3=,B=,14=,15=,2A=,2C=;#0002;ID=860693084873877;*53<",5f8c660ef02ec1b727ca1f762ebc8dcee467de5db7257c32f69682d546d56c00,0002,00,,,,,
1918,860693084873877,2026-09-28 22:16:48+00,2026-09-28 22:16:52.015515+00,-34.598710,-58.421390,0.0,113,0,GPS,,f,0.0,7,PARCIAL,"{combustiblePct,vin,rpm,combustibleConsumidoL,temperaturaRefrigeranteC,presionAceiteKpa}","{""3"": """"}",">REQ00280926221648-3459871-058421390001137F000000000000013010700001115;1=,2=,3=,B=,14=,15=,2A=,2C=;#0004;ID=860693084873877;*59<",8f265e5078f98f08d31407817a3d4ef8af409235ef0174a5fdab480f84c50278,0004,00,,,,,
1919,860693084873877,2026-09-28 22:17:48+00,2026-09-28 22:17:48.902907+00,-34.598710,-58.421380,0.0,113,0,GPS,,f,0.0,7,PARCIAL,"{combustiblePct,vin,rpm,combustibleConsumidoL,temperaturaRefrigeranteC,presionAceiteKpa}","{""3"": """"}",">REQ00280926221748-3459871-058421380001137F000000000000013010700001115;1=,2=,3=,B=,14=,15=,2A=,2C=;#0005;ID=860693084873877;*58<",e3c2f026ebf0c2edd70d82b92a02fa8ca081c8e733729a6c67b7b3685d11afd4,0005,00,,,,,
1920,860693084873877,2026-09-28 22:18:48+00,2026-09-28 22:18:52.022062+00,-34.598690,-58.421390,0.0,113,0,GPS,,f,0.0,7,PARCIAL,"{combustiblePct,vin,rpm,combustibleConsumidoL,temperaturaRefrigeranteC,presionAceiteKpa}","{""3"": """"}",">REQ00280926221848-3459869-058421390001137F000000000000013010700001114;1=,2=,3=,B=,14=,15=,2A=,2C=;#0007;ID=860693084873877;*5C<",0dc9f26d2d5e1fb5e33b7213e6afd647653c80da852b07a6cb9e8dd2decc05ca,0007,00,,,,,
1921,860693084873877,2026-09-28 22:19:48+00,2026-09-28 22:19:49.291224+00,-34.598670,-58.421390,0.0,121,0,GPS,,f,0.0,7,PARCIAL,"{combustiblePct,vin,rpm,combustibleConsumidoL,temperaturaRefrigeranteC,presionAceiteKpa}","{""3"": """"}",">REQ00280926221948-3459867-058421390001217F000000000000013010700001115;1=,2=,3=,B=,14=,15=,2A=,2C=;#0008;ID=860693084873877;*5C<",b6a0fb81e98462654eba4f18e6515a878b4d17fe89e66ace03e3cabdd650f7af,0008,00,,,,,
1922,860693084873877,2026-09-28 22:20:48+00,2026-09-28 22:20:51.758953+00,-34.598660,-58.421400,0.0,257,0,GPS,,f,0.0,7,PARCIAL,"{combustiblePct,vin,rpm,combustibleConsumidoL,temperaturaRefrigeranteC,presionAceiteKpa}","{""3"": """"}",">REQ00280926222048-3459866-058421400002577F000000000000013010700001114;1=,2=,3=,B=,14=,15=,2A=,2C=;#000A;ID=860693084873877;*23<",9ce3d8440228008c0bf4bdc05b2d29e8cd1e371f9bccc39034c3b19c833bfad6,000A,00,,,,,
1923,860693084873877,2026-09-28 22:21:48+00,2026-09-28 22:21:49.11238+00,-34.598650,-58.421400,0.0,42,0,GPS,,f,0.0,7,PARCIAL,"{combustiblePct,vin,rpm,combustibleConsumidoL,temperaturaRefrigeranteC,presionAceiteKpa}","{""3"": """"}",">REQ00280926222148-3459865-058421400000427F000000000000013010700001116;1=,2=,3=,B=,14=,15=,2A=,2C=;#000B;ID=860693084873877;*26<",e6d9d53e7eddfd4bb1778892c25bb4053e94410024e53d0e1c55dd71b708086f,000B,00,,,,,
1924,860693084873877,2026-09-28 22:25:12+00,2026-09-28 22:25:13.503651+00,-34.598530,-58.421400,0.0,119,0,GPS,,f,0.0,7,PARCIAL,"{combustiblePct,vin,rpm,combustibleConsumidoL,temperaturaRefrigeranteC,presionAceiteKpa}","{""3"": """"}",">REQ00280926222512-3459853-058421400001197F000000000000013010700001119;1=,2=,3=,B=,14=,15=,2A=,2C=;#0000;ID=860693084873877;*5A<",ab0cd5259ae84fb74b6000d9b8a686d3108fe69111e739bee7cfea4a9f3d6625,0000,00,,,,,
1925,860693084873877,2026-09-28 22:26:12+00,2026-09-28 22:26:16.090895+00,-34.598520,-58.421420,0.0,131,0,GPS,,f,0.0,7,PARCIAL,"{combustiblePct,vin,rpm,combustibleConsumidoL,temperaturaRefrigeranteC,presionAceiteKpa}","{""3"": """"}",">REQ00280926222612-3459852-058421420001317F000000000000013010700001119;1=,2=,3=,B=,14=,15=,2A=,2C=;#0002;ID=860693084873877;*52<",a72a2ccfe97dc6c5cf34cbbc64158b03397dcbb67c0d4a5f58776f4e9cb50c7e,0002,00,,,,,
1926,860693084873877,2026-09-28 22:27:12+00,2026-09-28 22:27:13.560026+00,-34.598520,-58.421420,0.0,100,0,GPS,,f,0.0,7,PARCIAL,"{combustiblePct,vin,rpm,combustibleConsumidoL,temperaturaRefrigeranteC,presionAceiteKpa}","{""3"": """"}",">REQ00280926222712-3459852-058421420001007F000000000000013010700001119;1=,2=,3=,B=,14=,15=,2A=,2C=;#0003;ID=860693084873877;*50<",1964d07b00d8eb3b29297bc09de590ad0a832d9f2cd0dba6317eae764dc82710,0003,00,,,,,
1927,860693084873877,2026-09-28 22:28:12+00,2026-09-28 22:28:16.229534+00,-34.598520,-58.421430,0.0,260,0,GPS,,f,0.0,7,PARCIAL,"{combustiblePct,vin,rpm,combustibleConsumidoL,temperaturaRefrigeranteC,presionAceiteKpa}","{""3"": """"}",">REQ00280926222812-3459852-058421430002607F000000000000013010700001118;1=,2=,3=,B=,14=,15=,2A=,2C=;#0005;ID=860693084873877;*5C<",0ca0229baf36cbe534ea50746148c6c93df47d1eccb4856c482b4171c4311f9d,0005,00,,,,,
1928,860693084873877,2026-09-28 22:29:12+00,2026-09-28 22:29:13.573281+00,-34.598510,-58.421420,0.0,233,0,GPS,,f,0.0,7,PARCIAL,"{combustiblePct,vin,rpm,combustibleConsumidoL,temperaturaRefrigeranteC,presionAceiteKpa}","{""3"": """"}",">REQ00280926222912-3459851-058421420002337F000000000000013010700001117;1=,2=,3=,B=,14=,15=,2A=,2C=;#0006;ID=860693084873877;*55<",988b562298c5662f1439c0ed964cd60b8ab91f0531d7e834c95a037521018c41,0006,00,,,,,
1929,860693084873877,2026-09-28 22:30:12+00,2026-09-28 22:30:16.194287+00,-34.598510,-58.421420,0.0,233,0,GPS,,f,0.0,7,PARCIAL,"{combustiblePct,vin,rpm,combustibleConsumidoL,temperaturaRefrigeranteC,presionAceiteKpa}","{""3"": """"}",">REQ00280926223012-3459851-058421420002337F000000000000013010700001117;1=,2=,3=,B=,14=,15=,2A=,2C=;#0008;ID=860693084873877;*53<",0b9bb1d85d63d3af0e2af11d40f6d62da7f2808d991c074c380a640bd5ca75d6,0008,00,,,,,
1930,860693084873877,2026-09-28 22:31:12+00,2026-09-28 22:31:13.307117+00,-34.598530,-58.421420,0.0,155,0,GPS,,f,0.0,7,PARCIAL,"{combustiblePct,vin,rpm,combustibleConsumidoL,temperaturaRefrigeranteC,presionAceiteKpa}","{""3"": """"}",">REQ00280926223112-3459853-058421420001557F000000000000013010700001118;1=,2=,3=,B=,14=,15=,2A=,2C=;#0009;ID=860693084873877;*5D<",3dd9415dd9cc035ef2920a4ad964cbe0fe3b372bfc50665fe7c103813cf5528d,0009,00,,,,,
1931,860693084873877,2026-09-28 22:32:12+00,2026-09-28 22:32:13.267261+00,-34.598510,-58.421420,0.0,246,0,GPS,,f,0.0,7,PARCIAL,"{combustiblePct,vin,rpm,combustibleConsumidoL,temperaturaRefrigeranteC,presionAceiteKpa}","{""3"": """"}",">REQ00280926223212-3459851-058421420002467F000000000000013010700001120;1=,2=,3=,B=,14=,15=,2A=,2C=;#000B;ID=860693084873877;*2D<",0f4bd1241c3682bca15dcd5ddfdaf0419365e5c9ea842b9520e20e42540d9a7e,000B,00,,,,,
1932,860693084873877,2026-09-28 22:33:12+00,2026-09-28 22:33:13.304247+00,-34.598510,-58.421420,0.0,155,0,GPS,,f,0.0,7,PARCIAL,"{combustiblePct,vin,rpm,combustibleConsumidoL,temperaturaRefrigeranteC,presionAceiteKpa}","{""3"": """"}",">REQ00280926223312-3459851-058421420001557F000000000000013010700001119;1=,2=,3=,B=,14=,15=,2A=,2C=;#000C;ID=860693084873877;*26<",5442d19f57dcc5d3e9e3ba95369a0f9328aa482130255b44270b2156b5ff6356,000C,00,,,,,
1933,860693084873877,2026-09-28 22:34:12+00,2026-09-28 22:34:13.114241+00,-34.598510,-58.421450,0.0,227,0,GPS,,f,0.0,7,PARCIAL,"{combustiblePct,vin,rpm,combustibleConsumidoL,temperaturaRefrigeranteC,presionAceiteKpa}","{""3"": """"}",">REQ00280926223412-3459851-058421450002277F000000000000013010700001120;1=,2=,3=,B=,14=,15=,2A=,2C=;#000E;ID=860693084873877;*2C<",f13403ef04a1e7f77dd37bd802092fbbae308a744381112849970b7de7b4c0d4,000E,00,,,,,
1934,860693084873877,2026-09-28 22:35:12+00,2026-09-28 22:35:13.20153+00,-34.598510,-58.421450,0.0,227,0,GPS,,f,0.0,7,PARCIAL,"{combustiblePct,vin,rpm,combustibleConsumidoL,temperaturaRefrigeranteC,presionAceiteKpa}","{""3"": """"}",">REQ00280926223512-3459851-058421450002277F000000000000013010700001118;1=,2=,3=,B=,14=,15=,2A=,2C=;#000F;ID=860693084873877;*25<",f0bd9230bd5f11c56f70e08ff171b1726060745f94afe52dc1b4b56d2cf3f154,000F,00,,,,,
1935,860693084873877,2026-09-28 22:45:52+00,2026-09-28 22:45:53.313152+00,-34.598610,-58.421460,0.0,0,0,GPS,,f,0.0,5,PARCIAL,"{combustiblePct,vin,rpm,combustibleConsumidoL,temperaturaRefrigeranteC,presionAceiteKpa}","{""3"": """"}",">REQ00280926224552-3459861-058421460000007F000000000000013010500001122;1=,2=,3=,B=,14=,15=,2A=,2C=;#0000;ID=860693084873877;*5C<",6f00be8cef33bb1fc7ef2cf2347266d5fc97bda1f3a6bf929c29681fabdd156e,0000,00,,,,,
1936,860693084873877,2026-09-28 22:46:52+00,2026-09-28 22:46:56.091342+00,-34.598620,-58.421480,0.0,0,0,GPS,,f,0.0,6,PARCIAL,"{combustiblePct,vin,rpm,combustibleConsumidoL,temperaturaRefrigeranteC,presionAceiteKpa}","{""3"": """"}",">REQ00280926224652-3459862-058421480000007F000000000000013010600001119;1=,2=,3=,B=,14=,15=,2A=,2C=;#0002;ID=860693084873877;*5B<",ea4939226a6625acb8519871b2313d68fa3e127f48e5ff10372f37eaecf50948,0002,00,,,,,
1937,860693084873877,2026-09-28 22:47:52+00,2026-09-28 22:47:53.290504+00,-34.598610,-58.421480,0.0,0,0,GPS,,f,0.0,6,PARCIAL,"{combustiblePct,vin,rpm,combustibleConsumidoL,temperaturaRefrigeranteC,presionAceiteKpa}","{""3"": """"}",">REQ00280926224752-3459861-058421480000007F000000000000013010600001121;1=,2=,3=,B=,14=,15=,2A=,2C=;#0003;ID=860693084873877;*53<",cbf2ac90aca3cbd2a9ad5d942f176fc357b2899b6604c549c41d2b72948de6cd,0003,00,,,,,
1938,860693084873877,2026-09-28 22:48:52+00,2026-09-28 22:48:56.211847+00,-34.598610,-58.421460,0.0,148,0,GPS,,f,0.0,6,PARCIAL,"{combustiblePct,vin,rpm,combustibleConsumidoL,temperaturaRefrigeranteC,presionAceiteKpa}","{""3"": """"}",">REQ00280926224852-3459861-058421460001487F000000000000013010600001119;1=,2=,3=,B=,14=,15=,2A=,2C=;#0005;ID=860693084873877;*52<",1b0791720e5ca922b985c2c8fe1e73b9b0fbcdf6fc08d8004301f8ef7dcddf57,0005,00,,,,,
1939,860693084873877,2026-09-28 22:49:52+00,2026-09-28 22:49:53.150111+00,-34.598600,-58.421450,0.0,36,0,GPS,,f,0.0,6,PARCIAL,"{combustiblePct,vin,rpm,combustibleConsumidoL,temperaturaRefrigeranteC,presionAceiteKpa}","{""3"": """"}",">REQ00280926224952-3459860-058421450000367F000000000000013010600001117;1=,2=,3=,B=,14=,15=,2A=,2C=;#0006;ID=860693084873877;*54<",54d84596276725ab72fb8f9eb2a1ce6df8e2bb4c5c0f2b5a43f8b1905cdd036f,0006,00,,,,,
